PRAGMA foreign_keys=OFF;
BEGIN TRANSACTION;
INSERT INTO "EaglesMemberKind" (id, name) VALUES (10001, 'ブースタークラブ');
INSERT INTO "EaglesMemberKind" (id, name) VALUES (10002, 'ゴールドクラブ');
INSERT INTO "EaglesMemberKind" (id, name) VALUES (10003, 'レギュラークラブ');
INSERT INTO "EaglesMemberKind" (id, name) VALUES (10004, 'E25クラブ');
INSERT INTO "EaglesMemberKind" (id, name) VALUES (10005, 'レディースクラブ');
INSERT INTO "EaglesMemberKind" (id, name) VALUES (10006, 'スポンサークラブ');
INSERT INTO "EaglesMemberKind" (id, name) VALUES (10007, 'キッズクラブ');
INSERT INTO "EaglesMemberKind" (id, name) VALUES (10008, 'ベーシッククラブ');
INSERT INTO "EaglesMemberKind" (id, name) VALUES (10009, 'TSC');
INSERT INTO "EaglesMemberKind" (id, name) VALUES (10010, 'チーム青森');
INSERT INTO "EaglesMemberKind" (id, name) VALUES (10011, 'チーム秋田');
INSERT INTO "EaglesMemberKind" (id, name) VALUES (10012, 'チーム岩手');
INSERT INTO "EaglesMemberKind" (id, name) VALUES (10013, 'チーム宮城');
INSERT INTO "EaglesMemberKind" (id, name) VALUES (10014, 'チーム山形');
INSERT INTO "EaglesMemberKind" (id, name) VALUES (10015, 'チーム福島');
INSERT INTO "EaglesMemberKind" (id, name) VALUES (10016, 'スクールFC');
INSERT INTO "EaglesMemberKind" (id, name) VALUES (10017, 'スタメン');
INSERT INTO "EaglesUser" (id, name, openid_claimed_id, member_no) VALUES(0,'user00','https://myid.rakuten.co.jp/openid/user/75Gm1XuC3F3VWwRs1pN0IQ==', '0000-0000-0000-0000');
INSERT INTO "EaglesUser" (id, name, openid_claimed_id, member_no) VALUES(1,'user01','https://myid.rakuten.co.jp/openid/user/7KtaSulpTdTCm6crf7iL20OzA==', '0000-0000-0000-0001');
INSERT INTO "EaglesUser" (id, name, openid_claimed_id, member_no) VALUES(2,'user02','https://myid.rakuten.co.jp/openid/user/Hpv5eXl5JI8CrYM3P5yjcQ==', '0000-0000-0000-0002');
INSERT INTO "EaglesUser" (id, name, openid_claimed_id, member_no) VALUES(3,'user03','https://myid.rakuten.co.jp/openid/user/bIMWmxINsJTVWwRs1pN0IQ==', '0000-0000-0000-0003');
INSERT INTO "EaglesUser" (id, name, openid_claimed_id, member_no) VALUES(4,'user04','https://myid.rakuten.co.jp/openid/user/bIMWmxINsJRMhZac1O32cQ==', '0000-0000-0000-0004');
INSERT INTO "EaglesUser" (id, name, openid_claimed_id, member_no) VALUES(5,'user05','https://myid.rakuten.co.jp/openid/user/Hpv5eXl5JISulpcrf7iL20OzA==', '0000-0000-0000-0005');
INSERT INTO "EaglesUser" (id, name, openid_claimed_id, member_no) VALUES(6,'user06','https://myid.rakuten.co.jp/openid/user/BI9WNddV9dL4Drv1c2uMCg==', '0000-0000-0000-0006');
INSERT INTO "EaglesUser" (id, name, openid_claimed_id, member_no) VALUES(7,'user07','https://myid.rakuten.co.jp/openid/user/BI9WNddV9dJVhV4SulpWCE9OA==', '0000-0000-0000-0007');
INSERT INTO "EaglesUser" (id, name, openid_claimed_id, member_no) VALUES(8,'user08','https://myid.rakuten.co.jp/openid/user/BI9WNddV9dICrYM3P5yjcQ==', '0000-0000-0000-0008');
INSERT INTO "EaglesUser" (id, name, openid_claimed_id, member_no) VALUES(9,'user09','https://myid.rakuten.co.jp/openid/user/8PhdFQSAVvoCrYM3P5yjcQ==', '0000-0000-0000-0009');
INSERT INTO "EaglesUser" (id, name, openid_claimed_id, member_no) VALUES(10,'user10','https://myid.rakuten.co.jp/openid/user/BI9WNddV9dJMhZac1O32cQ==', '0000-0000-0000-0010');
INSERT INTO "EaglesUser" (id, name, openid_claimed_id, member_no) VALUES(11,'user11','https://myid.rakuten.co.jp/openid/user/8PhdFQSAVvqcrf7iL20OzA==', '0000-0000-0000-0011');
INSERT INTO "EaglesUser" (id, name, openid_claimed_id, member_no) VALUES(12,'user12','https://myid.rakuten.co.jp/openid/user/4HY4oMt6jZJVhV4SulpWCE9OA==', '0000-0000-0000-0012');
INSERT INTO "EaglesUser" (id, name, openid_claimed_id, member_no) VALUES(13,'user13','https://myid.rakuten.co.jp/openid/user/BHsalsGheke6BBJVhV4SulpWCE9OA==', '0000-0000-0000-0013');
INSERT INTO "EaglesUser" (id, name, openid_claimed_id, member_no) VALUES(14,'user14','https://myid.rakuten.co.jp/openid/user/uwffhrFDs6QGsmquSulpNtQKg==', '0000-0000-0000-0014');
INSERT INTO "EaglesUser" (id, name, openid_claimed_id, member_no) VALUES(15,'user15','https://myid.rakuten.co.jp/openid/user/4HY4oMt6jZIGsmquSulpNtQKg==', '0000-0000-0000-0015');
INSERT INTO "EaglesUser" (id, name, openid_claimed_id, member_no) VALUES(16,'user16','https://myid.rakuten.co.jp/openid/user/XxOOwBMiOr1MhZac1O32cQ==', '0000-0000-0000-0016');
INSERT INTO "EaglesUser" (id, name, openid_claimed_id, member_no) VALUES(17,'user17','https://myid.rakuten.co.jp/openid/user/EGbFNtc5Ox9MhZac1O32cQ==', '0000-0000-0000-0017');
INSERT INTO "EaglesUser" (id, name, openid_claimed_id, member_no) VALUES(18,'user18','https://myid.rakuten.co.jp/openid/user/xpTC9ILcoRNMhZac1O32cQ==', '0000-0000-0000-0018');
INSERT INTO "EaglesUser" (id, name, openid_claimed_id, member_no) VALUES(19,'user19','https://myid.rakuten.co.jp/openid/user/SyaEcQgpyVDKS1ntSulpm4DBQ==', '0000-0000-0000-0019');
INSERT INTO "EaglesUser" (id, name, openid_claimed_id, member_no) VALUES(20,'user20','https://myid.rakuten.co.jp/openid/user/z6O8bkFuSBkGsmquSulpNtQKg==', '0000-0000-0000-0020');
INSERT INTO "EaglesMembership" (membership_id, user_id, kind_id, valid_since, expire_at) VALUES('0000-0000-0001-0000',0,10001,'2015-01-01 00:00:00.000000','2017-01-01 00:00:00.000000');
INSERT INTO "EaglesMembership" (membership_id, user_id, kind_id, valid_since, expire_at) VALUES('0000-0000-0001-0100',1,10001,'2015-01-01 00:00:00.000000','2017-01-01 00:00:00.000000');
INSERT INTO "EaglesMembership" (membership_id, user_id, kind_id, valid_since, expire_at) VALUES('0000-0000-0001-0200',2,10002,'2015-01-01 00:00:00.000000','2017-01-01 00:00:00.000000');
INSERT INTO "EaglesMembership" (membership_id, user_id, kind_id, valid_since, expire_at) VALUES('0000-0000-0001-0300',3,10003,'2015-01-01 00:00:00.000000','2017-01-01 00:00:00.000000');
INSERT INTO "EaglesMembership" (membership_id, user_id, kind_id, valid_since, expire_at) VALUES('0000-0000-0001-0400',4,10005,'2015-01-01 00:00:00.000000','2017-01-01 00:00:00.000000');
INSERT INTO "EaglesMembership" (membership_id, user_id, kind_id, valid_since, expire_at) VALUES('0000-0000-0001-0500',5,10007,'2015-01-01 00:00:00.000000','2017-01-01 00:00:00.000000');
INSERT INTO "EaglesMembership" (membership_id, user_id, kind_id, valid_since, expire_at) VALUES('0000-0000-0001-0600',6,10004,'2015-01-01 00:00:00.000000','2017-01-01 00:00:00.000000');
INSERT INTO "EaglesMembership" (membership_id, user_id, kind_id, valid_since, expire_at) VALUES('0000-0000-0001-0700',7,10008,'2015-01-01 00:00:00.000000','2017-01-01 00:00:00.000000');
INSERT INTO "EaglesMembership" (membership_id, user_id, kind_id, valid_since, expire_at) VALUES('0000-0000-0001-0800',8,10006,'2015-01-01 00:00:00.000000','2017-01-01 00:00:00.000000');
INSERT INTO "EaglesMembership" (membership_id, user_id, kind_id, valid_since, expire_at) VALUES('0000-0000-0001-0900',9,10009,'2015-01-01 00:00:00.000000','2017-01-01 00:00:00.000000');
INSERT INTO "EaglesMembership" (membership_id, user_id, kind_id, valid_since, expire_at) VALUES('0000-0000-0001-1000',10,10017,'2015-01-01 00:00:00.000000','2017-01-01 00:00:00.000000');
INSERT INTO "EaglesMembership" (membership_id, user_id, kind_id, valid_since, expire_at) VALUES('0000-0000-0001-1100',11,10016,'2015-01-01 00:00:00.000000','2017-01-01 00:00:00.000000');
INSERT INTO "EaglesMembership" (membership_id, user_id, kind_id, valid_since, expire_at) VALUES('0000-0000-0001-1200',12,10010,'2015-01-01 00:00:00.000000','2017-01-01 00:00:00.000000');
INSERT INTO "EaglesMembership" (membership_id, user_id, kind_id, valid_since, expire_at) VALUES('0000-0000-0001-1300',13,10011,'2015-01-01 00:00:00.000000','2017-01-01 00:00:00.000000');
INSERT INTO "EaglesMembership" (membership_id, user_id, kind_id, valid_since, expire_at) VALUES('0000-0000-0001-1400',14,10012,'2015-01-01 00:00:00.000000','2017-01-01 00:00:00.000000');
INSERT INTO "EaglesMembership" (membership_id, user_id, kind_id, valid_since, expire_at) VALUES('0000-0000-0001-1500',15,10013,'2015-01-01 00:00:00.000000','2017-01-01 00:00:00.000000');
INSERT INTO "EaglesMembership" (membership_id, user_id, kind_id, valid_since, expire_at) VALUES('0000-0000-0001-1600',16,10014,'2015-01-01 00:00:00.000000','2017-01-01 00:00:00.000000');
INSERT INTO "EaglesMembership" (membership_id, user_id, kind_id, valid_since, expire_at) VALUES('0000-0000-0001-1700',17,10015,'2015-01-01 00:00:00.000000','2017-01-01 00:00:00.000000');
INSERT INTO "EaglesMembership" (membership_id, user_id, kind_id, valid_since, expire_at) VALUES('0000-0000-0001-1800',18,10001,'2015-01-01 00:00:00.000000','2017-01-01 00:00:00.000000');
INSERT INTO "EaglesMembership" (membership_id, user_id, kind_id, valid_since, expire_at) VALUES('0000-0000-0001-1801',18,10002,'2015-01-01 00:00:00.000000','2017-01-01 00:00:00.000000');
INSERT INTO "EaglesMembership" (membership_id, user_id, kind_id, valid_since, expire_at) VALUES('0000-0000-0001-1802',18,10003,'2015-01-01 00:00:00.000000','2017-01-01 00:00:00.000000');
INSERT INTO "EaglesMembership" (membership_id, user_id, kind_id, valid_since, expire_at) VALUES('0000-0000-0001-1803',18,10005,'2015-01-01 00:00:00.000000','2017-01-01 00:00:00.000000');
INSERT INTO "EaglesMembership" (membership_id, user_id, kind_id, valid_since, expire_at) VALUES('0000-0000-0001-1804',18,10007,'2015-01-01 00:00:00.000000','2017-01-01 00:00:00.000000');
INSERT INTO "EaglesMembership" (membership_id, user_id, kind_id, valid_since, expire_at) VALUES('0000-0000-0001-1805',18,10004,'2015-01-01 00:00:00.000000','2017-01-01 00:00:00.000000');
INSERT INTO "EaglesMembership" (membership_id, user_id, kind_id, valid_since, expire_at) VALUES('0000-0000-0001-1806',18,10008,'2015-01-01 00:00:00.000000','2017-01-01 00:00:00.000000');
INSERT INTO "EaglesMembership" (membership_id, user_id, kind_id, valid_since, expire_at) VALUES('0000-0000-0001-1807',18,10006,'2015-01-01 00:00:00.000000','2017-01-01 00:00:00.000000');
INSERT INTO "EaglesMembership" (membership_id, user_id, kind_id, valid_since, expire_at) VALUES('0000-0000-0001-1808',18,10009,'2015-01-01 00:00:00.000000','2017-01-01 00:00:00.000000');
INSERT INTO "EaglesMembership" (membership_id, user_id, kind_id, valid_since, expire_at) VALUES('0000-0000-0001-1809',18,10017,'2015-01-01 00:00:00.000000','2017-01-01 00:00:00.000000');
INSERT INTO "EaglesMembership" (membership_id, user_id, kind_id, valid_since, expire_at) VALUES('0000-0000-0001-1810',18,10016,'2015-01-01 00:00:00.000000','2017-01-01 00:00:00.000000');
INSERT INTO "EaglesMembership" (membership_id, user_id, kind_id, valid_since, expire_at) VALUES('0000-0000-0001-1811',18,10010,'2015-01-01 00:00:00.000000','2017-01-01 00:00:00.000000');
INSERT INTO "EaglesMembership" (membership_id, user_id, kind_id, valid_since, expire_at) VALUES('0000-0000-0001-1812',18,10011,'2015-01-01 00:00:00.000000','2017-01-01 00:00:00.000000');
INSERT INTO "EaglesMembership" (membership_id, user_id, kind_id, valid_since, expire_at) VALUES('0000-0000-0001-1813',18,10012,'2015-01-01 00:00:00.000000','2017-01-01 00:00:00.000000');
INSERT INTO "EaglesMembership" (membership_id, user_id, kind_id, valid_since, expire_at) VALUES('0000-0000-0001-1814',18,10013,'2015-01-01 00:00:00.000000','2017-01-01 00:00:00.000000');
INSERT INTO "EaglesMembership" (membership_id, user_id, kind_id, valid_since, expire_at) VALUES('0000-0000-0001-1815',18,10014,'2015-01-01 00:00:00.000000','2017-01-01 00:00:00.000000');
INSERT INTO "EaglesMembership" (membership_id, user_id, kind_id, valid_since, expire_at) VALUES('0000-0000-0001-1816',18,10015,'2015-01-01 00:00:00.000000','2017-01-01 00:00:00.000000');
INSERT INTO "EaglesMembership" (membership_id, user_id, kind_id, valid_since, expire_at) VALUES('0000-0000-0001-1900',19,10001,'2015-01-01 00:00:00.000000','2017-01-01 00:00:00.000000');
INSERT INTO "EaglesMembership" (membership_id, user_id, kind_id, valid_since, expire_at) VALUES('0000-0000-0001-1900',19,10001,'2015-01-01 00:00:00.000000','2017-01-01 00:00:00.000000');
INSERT INTO "EaglesMembership" (membership_id, user_id, kind_id, valid_since, expire_at) VALUES('0000-0000-0001-2000',20,10002,'2015-01-01 00:00:00.000000','2017-01-01 00:00:00.000000');
INSERT INTO "EaglesMembership" (membership_id, user_id, kind_id, valid_since, expire_at) VALUES('0000-0000-0001-2000',20,10003,'2015-01-01 00:00:00.000000','2017-01-01 00:00:00.000000');
COMMIT;
