BEGIN;
INSERT INTO `Organization` VALUES (10,'BJ89ers','B8',1,'89ers@ticketstar.jp','','','','','','','',65,'',1,'2012-07-10 17:44:29','2012-07-10 17:44:29',NULL);
INSERT INTO `Organization` VALUES (11,'秋田ノーザンハピネッツ','DD',1,'rt_support@ticketstar.jp','秋田','秋田','秋田','秋田','','','',1,'',NULL,'2012-07-18 04:20:34','2012-07-18 04:20:34',NULL);

INSERT INTO `Account` VALUES (100000,NULL,'BJ89ers',5,10,'2012-07-11 05:32:51','2012-07-11 05:32:51',NULL);
INSERT INTO `Account` VALUES (100001,NULL,'NH',1,11,'2012-07-18 12:27:32','2012-07-18 12:27:32',NULL);
INSERT INTO `Event` VALUES (100001,'BJ890','仙台89ers FC会員登録','bj89ers',100000,10,'2012-07-10 17:44:29','2012-07-10 17:44:29',NULL);
INSERT INTO `Membership` VALUES (NULL,'89ers',NULL,NULL,NULL);
INSERT INTO `Operator` VALUES (100000,'bj89ers','dev+bj01@ticketstar.jp',10,NULL,1,'2012-07-10 17:44:29','2012-07-10 17:44:29',NULL);
INSERT INTO `Operator` VALUES (100001,'bjnh','dev+bj02@ticketstar.jp',11,NULL,1,'2012-07-10 17:44:29','2012-07-10 17:44:29',NULL);

INSERT INTO `OperatorAuth` VALUES (100000,'dev+bj01@ticketstar.jp','21232f297a57a5a743894a0e4a801fc3','auth_code','access_token','secret_key','2012-07-10 17:44:29','2012-07-10 17:44:29');
INSERT INTO `OperatorAuth` VALUES (100001,'dev+bj02@ticketstar.jp','21232f297a57a5a743894a0e4a801fc3','auth_code','access_token','secret_key','2012-07-10 17:44:29','2012-07-10 17:44:29');

INSERT INTO `OperatorRole_Operator` VALUES (NULL,1,100000);
INSERT INTO `OperatorRole_Operator` VALUES (NULL,1,100001);

INSERT INTO `SalesSegment` VALUES (100000,'会員登録','その他','2012-07-01 00:00:00','2012-08-31 00:00:00',10000,0,100001,'2012-07-10 17:44:29','2012-07-10 17:44:29', NULL);

INSERT INTO `DeliveryMethod` VALUES (100000,'なし',0.00,0,10,1,'2012-07-10 17:44:29','2012-07-10 17:44:29',NULL);

INSERT INTO `PaymentMethod` VALUES (100000,'クレジットカード払い',0.00,0,10,1,'2012-07-10 17:44:29','2012-07-10 17:44:29',NULL);
INSERT INTO `PaymentMethod` VALUES (100001,'セブンイレブン支払い',158.00,0,10,3,'2012-07-10 17:44:29','2012-07-10 17:44:29',NULL);

INSERT INTO `PaymentDeliveryMethodPair` (id, system_fee, transaction_fee, delivery_fee, discount, discount_unit, sales_segment_id, payment_method_id, delivery_method_id, created_at, updated_at, deleted_at, payment_period_days, issuing_interval_days, issuing_start_at, issuing_end_at) VALUES (NULL,0.00,0.00,0.00,0.00,0,100000,100000,100000,'2012-07-10 17:44:29','2012-07-10 17:44:29',NULL,3,1,'2012-07-10 17:44:29','2012-07-10 17:44:29');
INSERT INTO `PaymentDeliveryMethodPair` (id, system_fee, transaction_fee, delivery_fee, discount, discount_unit, sales_segment_id, payment_method_id, delivery_method_id, created_at, updated_at, deleted_at, payment_period_days, issuing_interval_days, issuing_start_at, issuing_end_at) VALUES (NULL,0.00,158.00,0.00,0.00,0,100000,100001,100000,'2012-07-10 17:44:29','2012-07-10 17:44:29',NULL,3,1,'2012-07-10 17:44:29','2012-07-10 17:44:29');

INSERT INTO `Performance` VALUES (100000,'FC会員登録２０１２','B8REG2012000',NULL,NULL,NULL,100001,'2012-07-10 17:44:29','2012-07-10 17:44:29',NULL);

INSERT INTO `Venue` VALUES (100000,1,100000,1,'座席なし会場',NULL,NULL,'2012-06-20 12:09:33','2012-07-10 17:44:29',NULL);

INSERT INTO `Product` VALUES (100000,'法人会員',100500.00,100000,100001,'2012-07-10 17:44:29','2012-07-10 17:44:29',NULL);
INSERT INTO `Product` VALUES (100001,'プラチナ会員',30000.00,100000,100001,'2012-07-10 17:44:29','2012-07-10 17:44:29',NULL);
INSERT INTO `Product` VALUES (100002,'ゴールド会員',10000.00,100000,100001,'2012-07-10 17:44:29','2012-07-10 17:44:29',NULL);
INSERT INTO `Product` VALUES (100003,'レギュラー会員',3000.00,100000,100001,'2012-07-10 17:44:29','2012-07-10 17:44:29',NULL);
INSERT INTO `Product` VALUES (100004,'ライト会員',1000.00,100000,100001,'2012-07-10 17:44:29','2012-07-10 17:44:29',NULL);
INSERT INTO `Product` VALUES (100005,'ジュニア会員',1000.00,100000,100001,'2012-07-10 17:44:29','2012-07-10 17:44:29',NULL);

INSERT INTO `StockHolder` VALUES (100000,'89ers',100001,100000,'{\"text\": \"B\", \"text_color\": \"#ffd940\"}','2012-07-10 17:44:29','2012-07-11 05:34:38',NULL);

INSERT INTO `StockType` VALUES (100000,'89ERS会員権',1,NULL,1,'{}','2012-07-10 17:44:29','2012-07-10 17:44:29',NULL);
INSERT INTO `StockType` VALUES (100001,'Tシャツ',1,NULL,1,'{}','2012-07-10 17:44:29','2012-07-10 17:44:29',NULL);

INSERT INTO `Stock` VALUES (100000,1000,100000,100000,100000,'1000002-07-10 17:44:29','1000002-07-10 17:44:29',NULL);
INSERT INTO `Stock` VALUES (100001,1000,100000,100000,100001,'1000002-07-10 17:44:29','1000002-07-10 17:44:29',NULL);
INSERT INTO `StockStatus` (stock_id, quantity) VALUES (100000,1000);
INSERT INTO `StockStatus` (stock_id, quantity) VALUES (100001,1000);

INSERT INTO `ProductItem` VALUES (NULL,0,100500.00,100000,100000,100000,1,'1000002-07-10 17:44:29','1000002-07-11 05:35:33',NULL);
INSERT INTO `ProductItem` VALUES (NULL,0,0.00,100000,100000,100001,1,'1000002-07-10 17:44:29','1000002-07-11 05:35:42',NULL);
INSERT INTO `ProductItem` VALUES (NULL,0,30000.00,100001,100000,100000,1,'1000002-07-10 17:44:29','1000002-07-11 05:35:48',NULL);
INSERT INTO `ProductItem` VALUES (NULL,0,0.00,100001,100000,100001,1,'1000002-07-10 17:44:29','1000002-07-11 05:35:56',NULL);
INSERT INTO `ProductItem` VALUES (NULL,0,10000.00,100002,100000,100000,1,'1000002-07-10 17:44:29','1000002-07-11 05:36:04',NULL);
INSERT INTO `ProductItem` VALUES (NULL,0,0.00,100002,100000,100001,1,'1000002-07-10 17:44:29','1000002-07-11 05:36:11',NULL);
INSERT INTO `ProductItem` VALUES (NULL,0,3000.00,100003,100000,100000,1,'1000002-07-10 17:44:29','1000002-07-11 05:36:18',NULL);
INSERT INTO `ProductItem` VALUES (NULL,0,1000.00,100004,100000,100000,1,'1000002-07-10 17:44:29','1000002-07-11 05:36:28',NULL);
INSERT INTO `ProductItem` VALUES (NULL,0,1000.00,100005,100000,100000,1,'1000002-07-10 17:44:29','1000002-07-11 05:36:36',NULL);
COMMIT;
